street_name,calculated_eq,coordinates
"Carrer de la Font",70.5,"[[2.013694,41.562812],[2.014889,41.562948]]"
"Carrer de la Font",61.7,"[[2.013689,41.56288],[2.014275,41.562919],[2.014876,41.563006]]"
"Carrer de la Font",57.2,"[[2.014876,41.563006],[2.01492,41.56306]]"
"Carrer de la Font",67.2,"[[2.014982,41.563001],[2.01488,41.562981],[2.014292,41.562893]]"
"Carrer de la Font",69.1,"[[2.014292,41.562893],[2.013966,41.562868],[2.013737,41.562854]]"
"Carrer de la Font",58.6,"[[2.013737,41.562854],[2.01369,41.56285],[2.01364,41.56285]]"
"Carrer Major",79.0,"[[2.010854,41.561899],[2.010446,41.561682],[2.010091,41.561513]]"
"Carrer Major",71.0,"[[2.010091,41.561513],[2.010057,41.561497]]"
"Carrer Major",69.3,"[[2.010066,41.56145],[2.010057,41.561497]]"
"Carrer Major",79.0,"[[2.010066,41.56145],[2.009075,41.561003],[2.009032,41.560952]]"
"Carrer Major",78.8,"[[2.010057,41.561497],[2.009048,41.561036],[2.008954,41.560993]]"
"Carrer de la Rasa",67.7,"[[2.016214,41.566519],[2.016213,41.566495],[2.016226,41.56646]]"
"Carrer de la Rasa",58.1,"[[2.012458,41.564768],[2.012389,41.5648]]"
"Carrer de la Rasa",63.6,"[[2.012389,41.5648],[2.012211,41.564768],[2.01085,41.56442]]"
"Carrer de la Rasa",71.8,"[[2.01085,41.56442],[2.010835,41.564416],[2.010756,41.564396]]"
"Carrer de la Rasa",64.2,"[[2.010158,41.564279],[2.010673,41.564405],[2.01074,41.564422]]"
"Carrer de la Rasa",58.0,"[[2.01074,41.564422],[2.010836,41.564446],[2.012203,41.564787]]"
"Carrer de la Rasa",67.2,"[[2.012203,41.564787],[2.012228,41.564794],[2.012436,41.564843]]"
"Carrer de la Creu",54.3,"[[2.016226,41.56646],[2.016982,41.566571],[2.01704,41.566629]]"
"Carrer de la Creu",63.2,"[[2.016173,41.566513],[2.016214,41.566519],[2.016894,41.566626]]"
"Carrer de la Creu",56.5,"[[2.016894,41.566626],[2.01704,41.566629]]"
"Carrer de la Creu",49.3,"[[2.01704,41.566629],[2.016213,41.566495],[2.016148,41.566484]]"
"Carrer de la Creu",57.9,"[[2.015129,41.566049],[2.016103,41.566438]]"
"Carrer de Sant Pere",64.5,"[[2.012436,41.564843],[2.012389,41.5648],[2.012352,41.564766]]"
"Carrer de Sant Pere",65.9,"[[2.012352,41.564766],[2.01229,41.56468],[2.011979,41.564315]]"
"Carrer de Sant Pere",76.1,"[[2.011979,41.564315],[2.011524,41.563786],[2.011391,41.563631]]"
"Carrer de Sant Pere",72.0,"[[2.011391,41.563631],[2.011255,41.563471],[2.01101,41.563194]]"
"Carrer de Sant Pere",62.9,"[[2.01101,41.563194],[2.010927,41.563025]]"
"Carrer de la Palla",68.3,"[[2.01195,41.562577],[2.011778,41.562834],[2.011623,41.563081]]"
"Carrer de la Palla",59.5,"[[2.011623,41.563081],[2.011503,41.563259],[2.011312,41.563446]]"
"Carrer de la Palla",55.0,"[[2.011312,41.563446],[2.011255,41.563471]]"
"Carrer del Nord",58.7,"[[2.01341,41.566687],[2.013416,41.566705]]"
"Carrer del Nord",58.7,"[[2.013378,41.566712],[2.013366,41.566661]]"
"Carrer del Nord",48.3,"[[2.013732,41.567837],[2.013681,41.567752],[2.013622,41.567544]]"
"Carrer del Nord",51.0,"[[2.013622,41.567544],[2.013566,41.567336],[2.013522,41.567175]]"
"Carrer del Nord",60.7,"[[2.013522,41.567175],[2.013378,41.566712]]"
"Carrer del Nord",55.5,"[[2.01363,41.567768],[2.013513,41.567347],[2.013359,41.566713]]"
"Carrer de Vallparadís",76.7,"[[2.019315,41.558981],[2.019392,41.558814],[2.019229,41.558236]]"
"Carrer de Vallparadís",73.8,"[[2.019229,41.558236],[2.019143,41.557898],[2.019088,41.557669]]"
"Carrer de Vallparadís",64.1,"[[2.019088,41.557669],[2.019074,41.557616]]"
"Carrer de Vallparadís",69.5,"[[2.01898,41.557225],[2.019047,41.557518],[2.01906,41.557566]]"
"Carrer de Vallparadís",77.8,"[[2.01906,41.557566],[2.019074,41.557616]]"
"Carrer de Vallparadís",70.3,"[[2.01898,41.557225],[2.018623,41.555856],[2.018282,41.55446]]"
"Carrer de Vallparadís",63.9,"[[2.01817,41.553677],[2.018218,41.553698],[2.018266,41.553727]]"
"Carrer de Vallparadís",73.1,"[[2.018266,41.553727],[2.018302,41.553757],[2.018335,41.553791]]"
"Carrer de Vallparadís",77.1,"[[2.018335,41.553791],[2.018357,41.553825],[2.018373,41.553868]]"
"Carrer de Vallparadís",66.9,"[[2.018373,41.553868],[2.018384,41.553908],[2.018388,41.553998]]"
"Carrer de Vallparadís",65.5,"[[2.018388,41.553998],[2.018386,41.554076],[2.018375,41.554155]]"
"Carrer de Vallparadís",76.1,"[[2.018375,41.554155],[2.018354,41.554226],[2.018292,41.554428]]"
"Carrer de Vallparadís",74.7,"[[2.018292,41.554428],[2.018282,41.55446]]"
"Carrer de Montserrat",64.9,"[[2.010915,41.567999],[2.010922,41.568001],[2.012558,41.568408]]"
"Carrer de Montserrat",54.8,"[[2.010365,41.56777],[2.010443,41.567885],[2.010861,41.567989]]"
"Carrer de Montserrat",53.1,"[[2.010313,41.567987],[2.01043,41.567922],[2.010863,41.56802]]"
"Carrer de Montserrat",63.6,"[[2.009345,41.567601],[2.01017,41.567812],[2.010298,41.567758]]"
"Rambla d'Egara",74.2,"[[2.007923,41.562454],[2.00799,41.562969],[2.00804,41.563692]]"
"Rambla d'Egara",64.6,"[[2.00804,41.563692],[2.008041,41.563706]]"
"Rambla d'Egara",70.1,"[[2.007955,41.564263],[2.008045,41.564061],[2.008067,41.563833]]"
"Rambla d'Egara",78.3,"[[2.008067,41.563833],[2.008068,41.563817]]"
"Rambla d'Egara",70.7,"[[2.007995,41.56373],[2.008006,41.563895],[2.008002,41.563989]]"
"Rambla d'Egara",64.5,"[[2.008002,41.563989],[2.007991,41.564079],[2.007963,41.564174]]"
"Rambla d'Egara",73.7,"[[2.007963,41.564174],[2.007921,41.56427],[2.007392,41.565042]]"
"Rambla d'Egara",77.5,"[[2.007392,41.565042],[2.006839,41.565802],[2.00675,41.565911]]"
"Rambla d'Egara",67.3,"[[2.00675,41.565911],[2.006682,41.566007]]"
